loan_id,customer_id,loan_type,principal_amount,interest_rate,loan_status
L000001,C003788,Auto,30000,14.15,Delinquent
L000002,C001794,Home Improvement,7500,5.86,Current
L000003,C000405,Home Improvement,15000,12.67,Current
L000004,C003816,Home Improvement,5000,3.81,Paid Off
L000005,C001364,Personal,15000,17.68,Current
L000006,C001346,Home Improvement,30000,7.75,Paid Off
L000007,C001861,Personal,7500,11.15,Current
L000008,C000830,Home Improvement,20000,15.78,Current
L000009,C002256,Auto,20000,18.03,Current
L000010,C001971,Auto,5000,7.83,Current
L000011,C004937,Home Improvement,2500,17.85,Delinquent
L000012,C004009,Auto,10000,10.22,Paid Off
L000013,C004817,Auto,5000,9.29,Current
L000014,C004903,Personal,15000,18.0,Paid Off
L000015,C004990,Home Improvement,2500,4.95,Paid Off
L000016,C004621,Home Improvement,2500,10.37,Current
L000017,C000908,Home Improvement,5000,10.1,Current
L000018,C004836,Personal,7500,15.28,Current
L000019,C002279,Auto,5000,4.63,Current
L000020,C000262,Personal,7500,15.79,Current
L000021,C004420,Home Improvement,15000,13.6,Current
L000022,C001004,Home Improvement,15000,8.66,Current
L000023,C003434,Home Improvement,2500,10.92,Current
L000024,C001605,Personal,7500,12.44,Paid Off
L000025,C004652,Home Improvement,5000,13.55,Current
L000026,C004427,Auto,30000,17.44,Current
L000027,C003628,Home Improvement,5000,6.31,Paid Off
L000028,C001183,Personal,20000,10.16,Current
L000029,C000391,Auto,30000,4.33,Paid Off
L000030,C000853,Personal,2500,11.86,Current
L000031,C000504,Home Improvement,2500,7.29,Current
L000032,C002908,Auto,20000,3.93,Current
L000033,C000195,Home Improvement,15000,11.99,Current
L000034,C003004,Personal,10000,7.96,Current
L000035,C003317,Home Improvement,2500,12.47,Current
L000036,C000382,Personal,20000,13.91,Current
L000037,C004213,Personal,10000,16.69,Current
L000038,C003339,Home Improvement,7500,5.65,Current
L000039,C001897,Personal,7500,15.18,Current
L000040,C001227,Personal,7500,12.36,Current
L000041,C001272,Personal,7500,6.39,Paid Off
L000042,C003070,Home Improvement,15000,16.71,Current
L000043,C003690,Home Improvement,30000,11.01,Current
L000044,C004293,Home Improvement,7500,12.35,Current
L000045,C001700,Home Improvement,2500,5.56,Current
L000046,C000272,Personal,5000,7.54,Current
L000047,C004315,Auto,15000,14.26,Current
L000048,C003667,Home Improvement,15000,6.07,Current
L000049,C001159,Home Improvement,7500,11.48,Paid Off
L000050,C001582,Home Improvement,7500,15.0,Current
L000051,C002330,Auto,5000,15.66,Current
L000052,C000336,Home Improvement,2500,12.08,Current
L000053,C004280,Home Improvement,15000,11.53,Current
L000054,C003990,Home Improvement,30000,13.29,Current
L000055,C001421,Auto,5000,7.21,Current
L000056,C004236,Home Improvement,20000,4.16,Current
L000057,C002214,Personal,2500,15.76,Current
L000058,C003595,Auto,15000,3.88,Paid Off
L000059,C001565,Personal,2500,8.11,Current
L000060,C003410,Personal,5000,7.39,Current
L000061,C000090,Home Improvement,10000,4.31,Current
L000062,C000493,Personal,7500,15.5,Current
L000063,C001264,Auto,30000,5.82,Current
L000064,C000627,Personal,10000,13.86,Current
L000065,C004450,Personal,5000,17.27,Current
L000066,C003666,Auto,5000,4.85,Current
L000067,C002712,Personal,2500,7.31,Current
L000068,C000738,Auto,7500,4.2,Current
L000069,C001380,Personal,7500,9.96,Current
L000070,C003956,Personal,5000,9.05,Current
L000071,C002339,Home Improvement,30000,7.16,Paid Off
L000072,C001731,Personal,7500,7.96,Current
L000073,C001524,Home Improvement,10000,6.54,Current
L000074,C003551,Auto,20000,5.83,Current
L000075,C001462,Personal,7500,4.12,Current
L000076,C003099,Personal,30000,12.72,Paid Off
L000077,C003453,Personal,10000,3.63,Current
L000078,C002567,Auto,15000,17.5,Current
L000079,C001608,Personal,5000,17.53,Current
L000080,C002154,Personal,15000,11.66,Current
L000081,C000734,Personal,30000,5.77,Delinquent
L000082,C001527,Auto,30000,11.88,Paid Off
L000083,C002365,Home Improvement,10000,16.79,Current
L000084,C004177,Personal,7500,15.29,Current
L000085,C003489,Auto,10000,13.33,Current
L000086,C001039,Personal,5000,17.09,Current
L000087,C002167,Personal,7500,14.9,Current
L000088,C002171,Personal,5000,7.86,Current
L000089,C002695,Personal,30000,17.37,Current
L000090,C002757,Personal,10000,14.8,Current
L000091,C004895,Home Improvement,7500,15.73,Current
L000092,C004174,Personal,2500,6.71,Current
L000093,C002726,Personal,10000,5.39,Current
L000094,C004184,Personal,20000,15.04,Current
L000095,C003760,Personal,10000,6.13,Current
L000096,C003316,Auto,2500,15.97,Current
L000097,C001292,Auto,2500,10.18,Current
L000098,C000524,Home Improvement,7500,4.31,Paid Off
L000099,C000458,Home Improvement,10000,7.48,Current
L000100,C001809,Personal,10000,5.8,Delinquent
L000101,C001329,Home Improvement,15000,9.83,Current
L000102,C001479,Personal,30000,10.3,Current
L000103,C003799,Auto,20000,15.38,Current
L000104,C004209,Home Improvement,20000,15.42,Delinquent
L000105,C002412,Auto,15000,6.3,Paid Off
L000106,C002582,Personal,20000,5.84,Current
L000107,C001053,Auto,5000,14.27,Current
L000108,C000692,Personal,10000,17.55,Current
L000109,C004451,Auto,15000,5.01,Paid Off
L000110,C001685,Auto,5000,16.06,Paid Off
L000111,C003562,Home Improvement,5000,10.13,Paid Off
L000112,C000235,Personal,30000,11.71,Current
L000113,C004015,Personal,30000,18.38,Paid Off
L000114,C001989,Home Improvement,7500,16.29,Current
L000115,C000460,Personal,7500,9.71,Current
L000116,C000270,Auto,2500,16.72,Delinquent
L000117,C001035,Auto,7500,12.81,Current
L000118,C001926,Home Improvement,20000,6.52,Current
L000119,C004497,Auto,15000,17.96,Paid Off
L000120,C002089,Personal,20000,13.87,Current
L000121,C001972,Home Improvement,15000,15.34,Current
L000122,C004007,Home Improvement,10000,10.3,Current
L000123,C002210,Home Improvement,30000,16.12,Current
L000124,C000095,Home Improvement,20000,11.21,Current
L000125,C003236,Auto,30000,18.49,Current
L000126,C003652,Personal,2500,6.72,Current
L000127,C004214,Personal,15000,14.21,Paid Off
L000128,C004230,Auto,5000,4.07,Current
L000129,C003592,Auto,5000,14.93,Current
L000130,C004203,Personal,5000,18.42,Current
L000131,C002519,Auto,7500,15.55,Current
L000132,C002542,Personal,5000,9.11,Current
L000133,C002538,Home Improvement,2500,5.36,Current
L000134,C002861,Auto,30000,8.93,Current
L000135,C001489,Personal,30000,13.86,Current
L000136,C004771,Auto,30000,6.58,Current
L000137,C002921,Home Improvement,2500,4.66,Current
L000138,C004624,Personal,5000,10.4,Current
L000139,C001522,Home Improvement,10000,18.23,Current
L000140,C003041,Personal,30000,15.49,Current
L000141,C001764,Personal,10000,4.69,Current
L000142,C001672,Personal,10000,10.48,Current
L000143,C000953,Auto,10000,16.71,Current
L000144,C002091,Auto,15000,8.48,Delinquent
L000145,C003408,Home Improvement,5000,6.58,Paid Off
L000146,C004698,Home Improvement,5000,9.7,Current
L000147,C002015,Home Improvement,5000,13.18,Delinquent
L000148,C001509,Auto,15000,4.06,Current
L000149,C000616,Auto,5000,5.41,Current
L000150,C003404,Home Improvement,15000,8.48,Current
L000151,C000653,Auto,30000,16.51,Current
L000152,C002153,Home Improvement,20000,7.11,Current
L000153,C001578,Personal,15000,4.3,Current
L000154,C001921,Personal,30000,15.85,Current
L000155,C003274,Home Improvement,30000,15.68,Current
L000156,C002116,Auto,2500,4.25,Current
L000157,C004612,Home Improvement,7500,14.47,Current
L000158,C002589,Auto,10000,18.39,Current
L000159,C000726,Auto,2500,5.63,Current
L000160,C004078,Personal,20000,11.27,Current
L000161,C002691,Auto,30000,12.54,Current
L000162,C003842,Home Improvement,2500,11.4,Current
L000163,C003032,Auto,7500,16.41,Current
L000164,C002453,Home Improvement,30000,12.73,Current
L000165,C003688,Personal,10000,9.65,Current
L000166,C000045,Home Improvement,15000,13.02,Current
L000167,C000099,Home Improvement,2500,13.84,Current
L000168,C004489,Home Improvement,30000,16.56,Current
L000169,C002158,Auto,7500,10.57,Current
L000170,C001493,Personal,10000,5.06,Current
L000171,C000096,Auto,20000,8.59,Current
L000172,C002779,Home Improvement,2500,13.94,Current
L000173,C001366,Personal,5000,7.58,Current
L000174,C000394,Personal,7500,18.46,Current
L000175,C004017,Personal,20000,18.04,Current
L000176,C000972,Home Improvement,10000,10.12,Current
L000177,C002085,Auto,7500,7.07,Current
L000178,C004467,Home Improvement,5000,11.16,Paid Off
L000179,C000192,Home Improvement,20000,3.74,Current
L000180,C003147,Personal,20000,15.47,Current
L000181,C003538,Home Improvement,5000,8.15,Paid Off
L000182,C000345,Home Improvement,15000,10.67,Current
L000183,C000528,Personal,5000,10.62,Current
L000184,C000173,Auto,5000,14.43,Paid Off
L000185,C001694,Auto,20000,12.3,Current
L000186,C004835,Personal,20000,8.43,Current
L000187,C001885,Personal,30000,6.97,Current
L000188,C000242,Auto,10000,5.8,Current
L000189,C003224,Auto,5000,9.39,Current
L000190,C002568,Personal,30000,9.73,Delinquent
L000191,C000537,Home Improvement,20000,11.57,Current
L000192,C004601,Home Improvement,10000,15.84,Current
L000193,C003247,Home Improvement,20000,15.54,Current
L000194,C002511,Personal,15000,6.07,Current
L000195,C003162,Home Improvement,2500,12.3,Paid Off
L000196,C003668,Home Improvement,10000,5.27,Current
L000197,C004215,Personal,15000,10.74,Current
L000198,C004507,Auto,15000,3.78,Current
L000199,C004718,Personal,7500,3.7,Current
L000200,C004057,Auto,20000,4.0,Current
L000201,C000004,Home Improvement,2500,17.55,Paid Off
L000202,C000533,Home Improvement,10000,9.79,Current
L000203,C000127,Personal,20000,11.42,Current
L000204,C004755,Auto,10000,17.84,Current
L000205,C002446,Auto,30000,8.6,Current
L000206,C004882,Home Improvement,15000,16.8,Current
L000207,C004879,Home Improvement,30000,13.78,Current
L000208,C003617,Home Improvement,10000,15.71,Current
L000209,C001904,Personal,2500,15.78,Paid Off
L000210,C004212,Home Improvement,15000,16.48,Delinquent
L000211,C003854,Auto,7500,16.25,Current
L000212,C003881,Home Improvement,30000,4.14,Current
L000213,C004220,Auto,30000,10.11,Current
L000214,C000495,Home Improvement,10000,7.56,Current
L000215,C004697,Home Improvement,15000,16.23,Current
L000216,C002264,Home Improvement,30000,13.77,Current
L000217,C003217,Auto,10000,17.25,Paid Off
L000218,C000721,Home Improvement,5000,5.92,Current
L000219,C003233,Auto,30000,12.32,Current
L000220,C000698,Home Improvement,7500,11.35,Paid Off
L000221,C002944,Personal,7500,14.99,Paid Off
L000222,C001723,Auto,30000,6.2,Current
L000223,C000094,Personal,10000,12.85,Current
L000224,C003663,Home Improvement,2500,5.1,Current
L000225,C003264,Personal,7500,7.3,Current
L000226,C003302,Personal,2500,7.82,Paid Off
L000227,C002857,Auto,2500,13.46,Current
L000228,C000609,Auto,2500,11.67,Current
L000229,C002268,Home Improvement,5000,8.57,Current
L000230,C000876,Personal,2500,12.39,Current
L000231,C000677,Auto,10000,4.25,Current
L000232,C004943,Auto,7500,18.31,Current
L000233,C003555,Auto,15000,6.1,Current
L000234,C001266,Personal,10000,7.81,Current
L000235,C000772,Auto,20000,7.56,Current
L000236,C000329,Home Improvement,2500,14.26,Paid Off
L000237,C000214,Personal,20000,3.52,Paid Off
L000238,C001500,Personal,5000,14.13,Current
L000239,C000442,Home Improvement,5000,14.31,Current
L000240,C000966,Auto,7500,7.7,Paid Off
L000241,C004986,Personal,30000,14.62,Current
L000242,C003925,Home Improvement,5000,6.72,Current
L000243,C000116,Auto,7500,5.99,Current
L000244,C001398,Auto,15000,11.22,Current
L000245,C001936,Home Improvement,7500,6.62,Current
L000246,C003787,Auto,20000,5.66,Current
L000247,C003631,Auto,15000,11.57,Paid Off
L000248,C004815,Auto,20000,17.4,Delinquent
L000249,C004610,Home Improvement,7500,10.78,Current
L000250,C000708,Home Improvement,30000,15.11,Delinquent
L000251,C001868,Home Improvement,5000,8.11,Current
L000252,C003936,Home Improvement,20000,13.98,Current
L000253,C002370,Auto,30000,17.66,Paid Off
L000254,C003750,Personal,15000,14.79,Current
L000255,C004969,Personal,10000,16.28,Current
L000256,C001171,Personal,5000,14.92,Paid Off
L000257,C000117,Home Improvement,30000,7.02,Paid Off
L000258,C004186,Personal,7500,14.46,Paid Off
L000259,C001765,Auto,7500,4.3,Current
L000260,C003432,Auto,5000,17.23,Current
L000261,C004743,Auto,15000,14.98,Current
L000262,C004130,Auto,15000,4.08,Current
L000263,C000169,Auto,7500,12.21,Current
L000264,C003758,Home Improvement,15000,3.63,Current
L000265,C004063,Home Improvement,7500,10.79,Current
L000266,C002022,Personal,7500,6.29,Current
L000267,C002267,Personal,30000,10.5,Current
L000268,C004728,Personal,10000,9.87,Paid Off
L000269,C001225,Auto,5000,9.84,Current
L000270,C002667,Home Improvement,2500,5.64,Current
L000271,C001503,Personal,7500,7.21,Current
L000272,C002870,Personal,15000,8.29,Current
L000273,C001119,Personal,5000,14.82,Current
L000274,C000651,Home Improvement,10000,8.91,Current
L000275,C004069,Auto,10000,12.81,Current
L000276,C000275,Personal,20000,16.29,Delinquent
L000277,C000484,Personal,7500,7.76,Current
L000278,C003265,Home Improvement,7500,7.76,Current
L000279,C003653,Auto,20000,15.43,Current
L000280,C004984,Home Improvement,20000,15.04,Current
L000281,C003399,Home Improvement,7500,4.81,Current
L000282,C002960,Personal,2500,15.46,Current
L000283,C002705,Auto,2500,10.77,Current
L000284,C003405,Home Improvement,10000,4.68,Paid Off
L000285,C002130,Auto,20000,7.71,Current
L000286,C001650,Personal,15000,9.94,Current
L000287,C000040,Auto,20000,11.28,Current
L000288,C004106,Personal,20000,3.63,Delinquent
L000289,C001323,Home Improvement,5000,10.22,Current
L000290,C000423,Personal,7500,13.06,Paid Off
L000291,C001572,Auto,10000,13.55,Current
L000292,C004271,Home Improvement,15000,5.96,Current
L000293,C003163,Personal,2500,10.22,Current
L000294,C000450,Auto,10000,12.25,Paid Off
L000295,C003504,Home Improvement,10000,6.9,Current
L000296,C000593,Home Improvement,15000,17.62,Current
L000297,C002682,Auto,5000,11.92,Current
L000298,C004429,Auto,30000,6.19,Current
L000299,C003912,Home Improvement,20000,9.75,Current
L000300,C004747,Personal,10000,9.12,Current
L000301,C000959,Auto,10000,4.07,Current
L000302,C004583,Personal,5000,10.39,Current
L000303,C000247,Home Improvement,30000,14.93,Paid Off
L000304,C001271,Home Improvement,2500,15.3,Current
L000305,C003645,Personal,30000,17.79,Paid Off
L000306,C000557,Auto,10000,15.33,Current
L000307,C000437,Personal,15000,8.8,Current
L000308,C004181,Personal,5000,15.32,Current
L000309,C000798,Personal,7500,15.05,Current
L000310,C002982,Auto,30000,15.86,Current
L000311,C002640,Home Improvement,15000,18.38,Current
L000312,C004102,Home Improvement,20000,13.32,Paid Off
L000313,C004270,Personal,20000,9.99,Current
L000314,C002040,Personal,30000,12.21,Current
L000315,C002311,Auto,10000,11.05,Current
L000316,C000525,Personal,20000,4.71,Current
L000317,C002179,Home Improvement,15000,17.25,Delinquent
L000318,C004751,Personal,20000,14.57,Current
L000319,C004800,Personal,10000,17.47,Current
L000320,C001110,Personal,15000,10.35,Current
L000321,C002336,Auto,5000,10.97,Current
L000322,C002907,Home Improvement,2500,6.61,Current
L000323,C004792,Auto,30000,12.2,Paid Off
L000324,C001732,Personal,7500,7.09,Current
L000325,C001598,Personal,7500,15.53,Current
L000326,C003470,Home Improvement,15000,13.67,Current
L000327,C003599,Home Improvement,2500,5.8,Current
L000328,C001036,Personal,7500,14.49,Current
L000329,C002320,Personal,2500,10.59,Current
L000330,C000930,Auto,5000,3.63,Current
L000331,C000157,Home Improvement,5000,5.88,Paid Off
L000332,C000133,Auto,15000,3.7,Current
L000333,C002480,Auto,10000,3.67,Current
L000334,C004207,Auto,5000,9.84,Current
L000335,C003569,Auto,20000,11.16,Current
L000336,C004039,Personal,2500,7.68,Current
L000337,C002904,Personal,15000,17.6,Current
L000338,C002068,Personal,15000,17.14,Current
L000339,C000652,Home Improvement,2500,4.52,Current
L000340,C003689,Personal,5000,9.21,Current
L000341,C002309,Auto,2500,13.05,Current
L000342,C002367,Home Improvement,30000,8.62,Current
L000343,C004250,Personal,7500,11.09,Paid Off
L000344,C001257,Auto,7500,9.04,Current
L000345,C002722,Auto,30000,14.16,Current
L000346,C003340,Auto,15000,15.83,Delinquent
L000347,C002606,Personal,15000,17.62,Current
L000348,C002428,Personal,2500,9.57,Paid Off
L000349,C000642,Auto,15000,16.83,Current
L000350,C001383,Personal,10000,15.96,Paid Off
L000351,C002399,Auto,15000,10.51,Paid Off
L000352,C003769,Home Improvement,15000,5.15,Current
L000353,C003358,Home Improvement,7500,4.16,Current
L000354,C001236,Personal,15000,8.13,Current
L000355,C002648,Home Improvement,20000,9.92,Current
L000356,C004284,Auto,2500,8.7,Current
L000357,C004373,Home Improvement,2500,11.11,Current
L000358,C000942,Auto,10000,6.29,Current
L000359,C001416,Auto,30000,13.17,Current
L000360,C003927,Auto,20000,9.84,Current
L000361,C002865,Personal,30000,4.8,Current
L000362,C000159,Auto,7500,15.82,Paid Off
L000363,C003548,Auto,15000,7.93,Current
L000364,C000078,Home Improvement,20000,11.54,Current
L000365,C004756,Auto,5000,9.41,Current
L000366,C004087,Personal,15000,17.11,Paid Off
L000367,C003040,Home Improvement,7500,8.09,Current
L000368,C003311,Home Improvement,10000,15.7,Paid Off
L000369,C003055,Home Improvement,5000,13.43,Current
L000370,C000053,Home Improvement,7500,10.29,Current
L000371,C000521,Home Improvement,2500,15.35,Current
L000372,C001734,Home Improvement,2500,11.11,Current
L000373,C000172,Home Improvement,2500,18.26,Current
L000374,C001418,Home Improvement,30000,13.22,Current
L000375,C004704,Personal,2500,8.3,Current
L000376,C000749,Personal,30000,7.71,Current
L000377,C002277,Home Improvement,10000,11.68,Current
L000378,C004168,Auto,30000,6.17,Current
L000379,C003059,Auto,20000,10.37,Current
L000380,C000156,Home Improvement,5000,10.73,Paid Off
L000381,C001003,Personal,7500,17.13,Current
L000382,C003372,Home Improvement,7500,4.09,Paid Off
L000383,C003006,Personal,5000,12.55,Delinquent
L000384,C000086,Personal,5000,16.11,Paid Off
L000385,C003828,Home Improvement,20000,6.12,Delinquent
L000386,C004694,Auto,2500,13.69,Current
L000387,C001213,Auto,30000,5.28,Current
L000388,C001836,Home Improvement,15000,13.55,Current
L000389,C004319,Auto,5000,8.24,Current
L000390,C003591,Personal,7500,9.44,Current
L000391,C004190,Auto,30000,6.82,Current
L000392,C001882,Auto,10000,16.24,Current
L000393,C003554,Home Improvement,5000,14.17,Paid Off
L000394,C003003,Home Improvement,20000,7.76,Current
L000395,C004191,Auto,30000,18.12,Current
L000396,C003605,Personal,7500,11.24,Current
L000397,C001720,Personal,5000,8.86,Current
L000398,C003299,Auto,5000,11.63,Current
L000399,C001540,Auto,15000,7.89,Paid Off
L000400,C002833,Home Improvement,10000,5.03,Current
L000401,C002887,Auto,15000,9.54,Current
L000402,C003837,Personal,15000,11.06,Delinquent
L000403,C003349,Home Improvement,20000,9.1,Current
L000404,C001781,Home Improvement,10000,5.18,Current
L000405,C003248,Personal,30000,14.98,Current
L000406,C004482,Personal,10000,9.47,Current
L000407,C002031,Auto,20000,14.36,Current
L000408,C004381,Personal,15000,14.37,Current
L000409,C004627,Home Improvement,2500,18.18,Current
L000410,C004392,Personal,10000,7.99,Delinquent
L000411,C002115,Home Improvement,15000,15.94,Current
L000412,C003297,Home Improvement,10000,15.01,Current
L000413,C000379,Home Improvement,20000,10.5,Current
L000414,C002296,Home Improvement,30000,6.9,Current
L000415,C001891,Home Improvement,10000,7.6,Current
L000416,C003425,Home Improvement,5000,14.77,Current
L000417,C004109,Personal,7500,5.71,Current
L000418,C004539,Home Improvement,30000,13.42,Delinquent
L000419,C002479,Auto,2500,4.35,Current
L000420,C004571,Home Improvement,2500,4.99,Current
L000421,C001153,Personal,5000,16.34,Current
L000422,C004922,Auto,5000,13.26,Current
L000423,C003390,Auto,30000,18.14,Current
L000424,C004079,Personal,10000,13.34,Paid Off
L000425,C001573,Home Improvement,30000,9.93,Current
L000426,C000188,Home Improvement,15000,8.15,Current
L000427,C002584,Personal,5000,11.61,Paid Off
L000428,C001125,Home Improvement,20000,13.87,Current
L000429,C004211,Home Improvement,20000,12.95,Current
L000430,C004760,Auto,5000,4.53,Paid Off
L000431,C003146,Personal,5000,16.44,Current
L000432,C000167,Personal,15000,9.73,Current
L000433,C003386,Home Improvement,30000,13.96,Paid Off
L000434,C003210,Personal,7500,11.68,Current
L000435,C003547,Personal,15000,16.55,Current
L000436,C003749,Auto,7500,6.72,Delinquent
L000437,C004934,Auto,20000,14.51,Current
L000438,C003620,Personal,15000,4.94,Delinquent
L000439,C002878,Home Improvement,15000,15.99,Current
L000440,C002502,Personal,30000,7.47,Paid Off
L000441,C002840,Personal,15000,4.64,Paid Off
L000442,C002951,Personal,15000,4.29,Current
L000443,C004014,Personal,2500,10.63,Current
L000444,C000859,Auto,10000,8.57,Paid Off
L000445,C004688,Home Improvement,30000,16.66,Current
L000446,C004160,Personal,2500,10.62,Current
L000447,C001491,Home Improvement,2500,5.81,Paid Off
L000448,C004059,Auto,10000,16.42,Current
L000449,C004880,Personal,20000,17.67,Current
L000450,C004730,Auto,30000,8.38,Paid Off
L000451,C003125,Auto,5000,10.72,Paid Off
L000452,C001447,Personal,10000,4.07,Current
L000453,C001583,Home Improvement,30000,5.96,Current
L000454,C001865,Home Improvement,7500,13.0,Current
L000455,C001251,Home Improvement,2500,17.86,Current
L000456,C004278,Personal,15000,9.12,Current
L000457,C002341,Auto,5000,13.08,Current
L000458,C004805,Personal,10000,14.76,Current
L000459,C004719,Auto,2500,16.07,Current
L000460,C001047,Personal,15000,13.18,Current
L000461,C002884,Auto,10000,6.79,Delinquent
L000462,C002814,Personal,30000,12.82,Current
L000463,C001179,Personal,30000,10.86,Current
L000464,C001303,Auto,10000,18.17,Current
L000465,C002626,Auto,7500,17.41,Current
L000466,C003560,Auto,15000,9.81,Current
L000467,C001670,Home Improvement,5000,16.42,Current
L000468,C002698,Home Improvement,15000,16.36,Current
L000469,C002432,Auto,15000,10.46,Paid Off
L000470,C001465,Auto,10000,9.77,Current
L000471,C002895,Auto,15000,17.56,Current
L000472,C000118,Auto,5000,18.43,Current
L000473,C003278,Personal,15000,9.1,Paid Off
L000474,C002326,Personal,20000,8.6,Paid Off
L000475,C001977,Auto,15000,7.06,Current
L000476,C002063,Auto,7500,10.7,Current
L000477,C000526,Personal,15000,4.92,Paid Off
L000478,C004920,Auto,10000,12.28,Current
L000479,C000771,Home Improvement,2500,4.06,Current
L000480,C004330,Personal,30000,18.48,Current
L000481,C001269,Personal,15000,3.57,Paid Off
L000482,C004376,Home Improvement,2500,8.53,Current
L000483,C000919,Home Improvement,5000,6.28,Current
L000484,C000884,Personal,5000,15.42,Paid Off
L000485,C001570,Home Improvement,10000,7.34,Current
L000486,C001482,Personal,20000,11.65,Paid Off
L000487,C002260,Personal,15000,16.44,Current
L000488,C001337,Auto,20000,6.83,Current
L000489,C001165,Auto,2500,4.32,Current
L000490,C002299,Auto,7500,13.34,Current
L000491,C000252,Auto,30000,12.79,Paid Off
L000492,C001064,Personal,5000,9.91,Paid Off
L000493,C002653,Home Improvement,7500,5.93,Paid Off
L000494,C002590,Home Improvement,10000,14.39,Current
L000495,C004462,Personal,5000,10.71,Paid Off
L000496,C001511,Auto,30000,18.13,Current
L000497,C003624,Home Improvement,7500,17.63,Delinquent
L000498,C003911,Personal,30000,14.87,Current
L000499,C000015,Auto,2500,3.69,Current
L000500,C001361,Auto,15000,9.21,Paid Off
L000501,C000629,Home Improvement,5000,12.07,Current
L000502,C000967,Home Improvement,30000,12.67,Current
L000503,C003672,Home Improvement,20000,15.21,Paid Off
L000504,C001626,Auto,7500,9.05,Current
L000505,C002244,Auto,2500,8.62,Current
L000506,C000864,Home Improvement,30000,9.64,Current
L000507,C004865,Personal,2500,3.78,Current
L000508,C000887,Auto,15000,17.78,Current
L000509,C004580,Home Improvement,30000,10.4,Current
L000510,C003135,Personal,20000,15.65,Current
L000511,C001952,Auto,30000,3.97,Current
L000512,C001298,Home Improvement,15000,13.22,Current
L000513,C001072,Auto,7500,8.52,Current
L000514,C000941,Auto,10000,5.78,Current
L000515,C000253,Personal,15000,16.57,Paid Off
L000516,C004325,Home Improvement,7500,6.38,Paid Off
L000517,C003910,Home Improvement,2500,5.5,Current
L000518,C002624,Auto,7500,10.58,Current
L000519,C003418,Auto,30000,5.67,Current
L000520,C003329,Home Improvement,5000,12.8,Current
L000521,C003751,Auto,10000,5.55,Current
L000522,C004709,Personal,30000,4.63,Paid Off
L000523,C003644,Personal,30000,10.26,Current
L000524,C001963,Personal,20000,11.21,Current
L000525,C004350,Auto,20000,17.93,Current
L000526,C002690,Home Improvement,20000,17.84,Current
L000527,C000071,Home Improvement,15000,11.68,Current
L000528,C002765,Home Improvement,30000,17.57,Current
L000529,C004320,Home Improvement,30000,4.11,Current
L000530,C000060,Personal,7500,16.94,Paid Off
L000531,C004144,Home Improvement,7500,13.65,Current
L000532,C001299,Auto,7500,7.71,Current
L000533,C001627,Home Improvement,30000,8.15,Delinquent
L000534,C004175,Personal,30000,5.47,Delinquent
L000535,C001834,Personal,15000,15.51,Current
L000536,C003014,Auto,5000,12.42,Current
L000537,C003416,Home Improvement,20000,10.69,Current
L000538,C003857,Home Improvement,15000,17.03,Paid Off
L000539,C000897,Auto,20000,13.18,Current
L000540,C004500,Home Improvement,10000,6.28,Current
L000541,C001483,Home Improvement,15000,12.58,Current
L000542,C000039,Auto,30000,9.89,Paid Off
L000543,C003219,Personal,10000,6.91,Current
L000544,C003713,Home Improvement,30000,14.76,Current
L000545,C004019,Auto,7500,5.49,Paid Off
L000546,C001185,Auto,30000,17.97,Current
L000547,C004418,Personal,20000,6.86,Current
L000548,C003360,Home Improvement,20000,4.34,Current
L000549,C003109,Personal,15000,17.05,Current
L000550,C004443,Auto,15000,8.35,Current
L000551,C003791,Auto,2500,5.21,Current
L000552,C003481,Personal,5000,18.36,Paid Off
L000553,C000686,Auto,20000,7.05,Current
L000554,C002205,Home Improvement,2500,17.5,Current
L000555,C004828,Home Improvement,5000,15.73,Current
L000556,C002709,Auto,30000,10.12,Paid Off
L000557,C003717,Auto,7500,12.86,Paid Off
L000558,C001579,Personal,5000,16.57,Current
L000559,C004100,Personal,2500,17.67,Paid Off
L000560,C003705,Personal,7500,6.19,Current
L000561,C003447,Home Improvement,5000,9.41,Paid Off
L000562,C001757,Home Improvement,7500,15.35,Current
L000563,C001218,Personal,7500,12.51,Current
L000564,C004334,Home Improvement,7500,11.33,Current
L000565,C003654,Personal,7500,8.34,Current
L000566,C004525,Home Improvement,2500,14.41,Current
L000567,C000691,Personal,5000,18.38,Current
L000568,C004696,Home Improvement,15000,14.66,Current
L000569,C002136,Home Improvement,30000,3.73,Current
L000570,C002302,Personal,15000,9.12,Paid Off
L000571,C000889,Auto,30000,7.1,Current
L000572,C003153,Home Improvement,20000,14.99,Paid Off
L000573,C000425,Home Improvement,20000,10.58,Current
L000574,C001204,Personal,10000,7.17,Current
L000575,C001725,Personal,10000,16.14,Current
L000576,C003877,Auto,2500,5.95,Current
L000577,C002756,Home Improvement,10000,10.54,Delinquent
L000578,C001009,Auto,7500,4.78,Current
L000579,C000590,Home Improvement,2500,10.2,Current
L000580,C004681,Auto,7500,11.87,Current
L000581,C004847,Home Improvement,30000,12.48,Current
L000582,C001173,Auto,10000,7.69,Current
L000583,C002234,Home Improvement,7500,6.24,Current
L000584,C004834,Auto,2500,14.52,Current
L000585,C000688,Home Improvement,10000,15.31,Current
L000586,C004561,Home Improvement,15000,15.23,Paid Off
L000587,C000254,Home Improvement,7500,12.96,Current
L000588,C001166,Home Improvement,15000,8.93,Current
L000589,C003893,Home Improvement,5000,6.35,Current
L000590,C004126,Personal,30000,9.07,Current
L000591,C004964,Auto,20000,11.85,Delinquent
L000592,C001210,Home Improvement,20000,4.81,Delinquent
L000593,C003754,Personal,2500,17.16,Current
L000594,C001284,Auto,15000,9.32,Current
L000595,C000540,Personal,2500,11.24,Delinquent
L000596,C003151,Auto,2500,17.11,Paid Off
L000597,C002335,Auto,20000,11.9,Current
L000598,C002990,Auto,5000,15.87,Current
L000599,C004936,Home Improvement,15000,4.73,Current
L000600,C003967,Home Improvement,7500,4.52,Current
L000601,C003993,Personal,2500,17.64,Paid Off
L000602,C000855,Auto,7500,16.52,Current
L000603,C003487,Personal,5000,15.08,Current
L000604,C003505,Home Improvement,5000,7.15,Current
L000605,C004038,Personal,5000,11.3,Paid Off
L000606,C002252,Personal,15000,5.2,Paid Off
L000607,C003328,Personal,30000,13.32,Current
L000608,C004858,Auto,7500,9.74,Current
L000609,C004650,Auto,7500,10.78,Current
L000610,C004643,Personal,2500,7.08,Current
L000611,C002178,Auto,10000,5.25,Current
L000612,C002092,Home Improvement,30000,6.27,Current
L000613,C002800,Personal,7500,6.71,Current
L000614,C000396,Home Improvement,15000,17.44,Paid Off
L000615,C002421,Auto,15000,10.74,Current
L000616,C004685,Auto,30000,10.93,Current
L000617,C003933,Home Improvement,30000,5.95,Current
L000618,C002303,Auto,5000,13.38,Current
L000619,C004283,Home Improvement,10000,15.76,Current
L000620,C002073,Personal,2500,10.38,Current
L000621,C003276,Auto,2500,14.09,Current
L000622,C000276,Personal,7500,5.26,Current
L000623,C002193,Home Improvement,15000,13.85,Current
L000624,C002560,Auto,15000,13.31,Paid Off
L000625,C003821,Home Improvement,5000,5.46,Current
L000626,C004286,Auto,30000,4.32,Current
L000627,C004401,Auto,15000,7.59,Current
L000628,C003970,Personal,30000,3.65,Delinquent
L000629,C004201,Personal,15000,4.92,Current
L000630,C002481,Home Improvement,15000,11.56,Current
L000631,C003579,Personal,15000,7.65,Current
L000632,C003342,Personal,10000,6.75,Paid Off
L000633,C004495,Personal,10000,3.9,Current
L000634,C000551,Personal,30000,6.65,Current
L000635,C002636,Auto,5000,6.65,Current
L000636,C004398,Personal,10000,15.43,Current
L000637,C002599,Home Improvement,5000,14.03,Current
L000638,C000669,Home Improvement,10000,6.69,Paid Off
L000639,C003536,Auto,20000,16.67,Current
L000640,C004152,Auto,7500,4.73,Current
L000641,C004752,Auto,7500,6.57,Current
L000642,C000265,Auto,2500,12.68,Current
L000643,C002993,Personal,5000,17.62,Current
L000644,C003415,Home Improvement,30000,17.23,Current
L000645,C002945,Auto,5000,9.19,Current
L000646,C001245,Auto,7500,10.91,Current
L000647,C002346,Home Improvement,2500,6.85,Current
L000648,C001636,Personal,30000,10.02,Current
L000649,C001978,Auto,5000,18.23,Current
L000650,C000446,Auto,7500,14.85,Current
L000651,C002164,Home Improvement,20000,17.45,Paid Off
L000652,C002880,Personal,10000,16.65,Current
L000653,C000601,Auto,5000,9.92,Current
L000654,C001305,Personal,20000,9.53,Current
L000655,C003420,Home Improvement,15000,17.1,Current
L000656,C002500,Auto,2500,14.71,Current
L000657,C003206,Home Improvement,2500,7.51,Current
L000658,C000403,Auto,20000,10.19,Current
L000659,C000579,Personal,10000,17.41,Current
L000660,C000741,Auto,7500,6.88,Paid Off
L000661,C004908,Auto,10000,17.33,Current
L000662,C002910,Personal,2500,17.03,Current
L000663,C002305,Auto,7500,5.2,Current
L000664,C000281,Auto,30000,4.01,Current
L000665,C000719,Personal,20000,5.08,Current
L000666,C000261,Home Improvement,20000,12.64,Current
L000667,C004900,Personal,2500,17.78,Paid Off
L000668,C003115,Home Improvement,7500,7.95,Current
L000669,C002776,Auto,2500,5.38,Current
L000670,C004301,Auto,5000,15.75,Current
L000671,C000074,Auto,10000,10.95,Current
L000672,C002785,Personal,10000,11.52,Paid Off
L000673,C004112,Personal,20000,3.61,Delinquent
L000674,C002288,Home Improvement,20000,17.7,Current
L000675,C004740,Home Improvement,15000,5.79,Current
L000676,C003715,Personal,20000,15.74,Current
L000677,C000883,Auto,20000,8.95,Current
L000678,C004011,Personal,30000,3.81,Delinquent
L000679,C000036,Auto,20000,6.38,Current
L000680,C003989,Auto,10000,12.81,Delinquent
L000681,C004526,Home Improvement,5000,6.14,Current
L000682,C001156,Auto,2500,11.58,Current
L000683,C001758,Auto,7500,17.56,Current
L000684,C001145,Home Improvement,30000,16.33,Current
L000685,C003800,Personal,7500,18.33,Paid Off
L000686,C002512,Auto,2500,5.97,Current
L000687,C000810,Personal,2500,12.61,Current
L000688,C000143,Home Improvement,30000,16.25,Current
L000689,C002200,Home Improvement,30000,16.19,Current
L000690,C001824,Personal,7500,9.66,Current
L000691,C000075,Home Improvement,15000,3.72,Current
L000692,C000577,Home Improvement,15000,12.35,Current
L000693,C003833,Personal,5000,13.17,Current
L000694,C001397,Home Improvement,30000,13.21,Current
L000695,C003261,Personal,15000,10.04,Current
L000696,C004552,Personal,7500,8.65,Current
L000697,C002447,Auto,20000,12.72,Current
L000698,C004140,Auto,20000,12.58,Current
L000699,C002894,Auto,2500,15.94,Paid Off
L000700,C003385,Personal,10000,9.52,Current
L000701,C004852,Auto,2500,12.68,Current
L000702,C003564,Auto,2500,15.2,Current
L000703,C001999,Personal,30000,17.78,Current
L000704,C003419,Home Improvement,2500,7.22,Current
L000705,C000599,Auto,7500,9.89,Current
L000706,C001621,Auto,15000,11.1,Current
L000707,C002405,Personal,5000,13.92,Current
L000708,C004382,Personal,30000,6.7,Current
L000709,C003273,Auto,10000,12.52,Current
L000710,C000963,Personal,10000,10.1,Current
L000711,C000030,Home Improvement,10000,4.93,Current
L000712,C002647,Home Improvement,7500,10.57,Current
L000713,C001306,Personal,2500,9.04,Current
L000714,C004534,Personal,10000,10.46,Current
L000715,C003984,Home Improvement,2500,15.19,Current
L000716,C001805,Home Improvement,20000,8.99,Current
L000717,C003830,Auto,5000,12.26,Current
L000718,C000501,Auto,2500,9.05,Current
L000719,C000625,Home Improvement,30000,15.49,Current
L000720,C002474,Home Improvement,20000,6.14,Current
L000721,C001382,Home Improvement,30000,5.12,Paid Off
L000722,C002141,Auto,10000,17.76,Paid Off
L000723,C004225,Auto,7500,6.72,Paid Off
L000724,C000372,Home Improvement,20000,10.21,Current
L000725,C000101,Auto,15000,4.23,Paid Off
L000726,C004809,Home Improvement,5000,9.87,Current
L000727,C003596,Home Improvement,20000,16.86,Current
L000728,C000911,Personal,15000,6.86,Paid Off
L000729,C002056,Home Improvement,5000,12.75,Current
L000730,C002702,Home Improvement,20000,15.47,Current
L000731,C004235,Auto,2500,4.73,Paid Off
L000732,C001638,Home Improvement,7500,9.52,Current
L000733,C001455,Personal,10000,12.72,Current
L000734,C002027,Home Improvement,30000,16.03,Delinquent
L000735,C003575,Home Improvement,2500,17.43,Current
L000736,C002959,Personal,7500,15.34,Current
L000737,C002825,Personal,30000,12.97,Current
L000738,C003164,Home Improvement,20000,10.51,Paid Off
L000739,C001686,Auto,7500,12.22,Current
L000740,C001349,Auto,10000,11.88,Current
L000741,C003016,Auto,5000,8.72,Current
L000742,C000945,Home Improvement,2500,14.44,Current
L000743,C003673,Personal,15000,9.12,Current
L000744,C001886,Personal,30000,8.18,Paid Off
L000745,C001316,Personal,10000,11.85,Current
L000746,C000316,Auto,20000,10.2,Current
L000747,C004811,Home Improvement,20000,4.48,Current
L000748,C004405,Personal,20000,13.09,Current
L000749,C000008,Auto,30000,3.54,Current
L000750,C003699,Personal,5000,4.39,Paid Off
L000751,C002997,Auto,7500,11.56,Paid Off
L000752,C002744,Home Improvement,2500,15.98,Current
L000753,C000321,Personal,10000,10.54,Paid Off
L000754,C004086,Personal,15000,4.03,Current
L000755,C001870,Auto,10000,9.72,Current
L000756,C001233,Home Improvement,5000,15.75,Current
L000757,C001566,Personal,20000,12.72,Current
L000758,C003214,Auto,20000,3.69,Paid Off
L000759,C004582,Home Improvement,2500,11.08,Current
L000760,C000223,Auto,7500,13.68,Current
L000761,C002100,Home Improvement,7500,9.02,Current
L000762,C001833,Personal,2500,17.51,Current
L000763,C003023,Personal,15000,13.21,Current
L000764,C004573,Auto,20000,7.9,Current
L000765,C004010,Personal,20000,17.31,Current
L000766,C001095,Auto,2500,12.22,Current
L000767,C000264,Auto,7500,5.92,Current
L000768,C004933,Personal,30000,4.96,Paid Off
L000769,C000353,Auto,5000,9.1,Current
L000770,C003167,Auto,15000,12.79,Paid Off
L000771,C004474,Home Improvement,5000,9.17,Current
L000772,C000183,Auto,10000,11.31,Current
L000773,C003218,Home Improvement,2500,6.44,Current
L000774,C003485,Personal,30000,11.46,Current
L000775,C004789,Personal,7500,5.62,Current
L000776,C003067,Personal,15000,18.12,Current
L000777,C001193,Personal,7500,3.86,Paid Off
L000778,C000409,Auto,15000,8.54,Current
L000779,C001878,Home Improvement,30000,5.99,Current
L000780,C002065,Auto,30000,18.49,Current
L000781,C003229,Personal,7500,12.2,Current
L000782,C000013,Auto,15000,12.76,Current
L000783,C003516,Personal,7500,4.55,Paid Off
L000784,C004068,Auto,5000,6.16,Current
L000785,C002097,Auto,30000,9.38,Current
L000786,C004111,Personal,15000,10.7,Current
L000787,C001613,Home Improvement,2500,16.73,Current
L000788,C002767,Personal,7500,9.41,Paid Off
L000789,C004465,Auto,2500,4.46,Current
L000790,C002125,Auto,20000,11.54,Current
L000791,C003698,Auto,2500,10.05,Current
L000792,C004866,Auto,2500,14.67,Current
L000793,C003108,Home Improvement,15000,17.77,Current
L000794,C004515,Auto,10000,15.4,Current
L000795,C003678,Personal,7500,13.49,Current
L000796,C002986,Home Improvement,15000,15.79,Current
L000797,C000614,Home Improvement,20000,4.78,Current
L000798,C004803,Personal,5000,4.62,Paid Off
L000799,C004487,Personal,20000,12.72,Current
L000800,C003514,Home Improvement,2500,6.7,Paid Off
L000801,C002569,Auto,30000,12.9,Current
L000802,C001875,Auto,30000,7.4,Paid Off
L000803,C004625,Home Improvement,5000,3.99,Current
L000804,C000218,Personal,20000,9.27,Current
L000805,C004504,Personal,10000,11.97,Current
L000806,C000778,Home Improvement,10000,14.7,Paid Off
L000807,C001873,Home Improvement,20000,9.67,Current
L000808,C002847,Home Improvement,10000,5.71,Current
L000809,C003269,Personal,10000,10.63,Current
L000810,C001198,Auto,30000,9.86,Current
L000811,C001932,Personal,20000,8.56,Current
L000812,C003363,Personal,10000,5.68,Current
L000813,C001606,Auto,30000,12.66,Paid Off
L000814,C002494,Personal,30000,5.37,Current
L000815,C001355,Personal,5000,14.67,Current
L000816,C004421,Personal,20000,15.26,Current
L000817,C002645,Personal,7500,5.59,Paid Off
L000818,C000020,Auto,7500,10.87,Current
L000819,C002385,Personal,7500,16.82,Current
L000820,C001196,Home Improvement,5000,17.24,Current
L000821,C002559,Personal,15000,6.04,Current
L000822,C003982,Auto,20000,14.17,Current
L000823,C002081,Auto,15000,4.41,Current
L000824,C003909,Auto,30000,17.65,Current
L000825,C002685,Home Improvement,20000,4.79,Current
L000826,C004675,Personal,5000,17.0,Delinquent
L000827,C003368,Personal,30000,12.18,Delinquent
L000828,C004714,Personal,7500,4.93,Current
L000829,C000179,Personal,2500,10.27,Current
L000830,C003230,Home Improvement,7500,18.21,Current
L000831,C000670,Home Improvement,5000,3.82,Current
L000832,C004871,Home Improvement,20000,14.34,Paid Off
L000833,C000532,Home Improvement,10000,13.14,Current
L000834,C004488,Home Improvement,15000,6.47,Current
L000835,C003286,Auto,20000,9.11,Current
L000836,C002429,Auto,2500,8.37,Current
L000837,C004797,Home Improvement,10000,5.42,Current
L000838,C001135,Home Improvement,20000,15.58,Paid Off
L000839,C001068,Auto,5000,8.87,Paid Off
L000840,C004890,Home Improvement,10000,6.85,Current
L000841,C004726,Personal,5000,18.05,Current
L000842,C000351,Auto,30000,15.79,Current
L000843,C001304,Auto,15000,18.17,Delinquent
L000844,C004399,Personal,2500,14.37,Current
L000845,C003472,Home Improvement,30000,15.19,Current
L000846,C004457,Home Improvement,7500,5.31,Current
L000847,C004088,Auto,5000,15.38,Current
L000848,C002586,Home Improvement,2500,5.05,Current
L000849,C004823,Personal,15000,6.41,Current
L000850,C003831,Home Improvement,10000,15.74,Current
L000851,C000292,Auto,30000,16.49,Paid Off
L000852,C001590,Home Improvement,20000,15.48,Current
L000853,C000324,Auto,15000,13.02,Current
L000854,C004157,Personal,5000,18.46,Current
L000855,C004437,Personal,15000,6.89,Current
L000856,C004724,Auto,15000,12.35,Paid Off
L000857,C004290,Personal,20000,7.55,Paid Off
L000858,C002510,Personal,15000,10.27,Paid Off
L000859,C000213,Personal,5000,8.32,Current
L000860,C001687,Auto,7500,11.07,Current
L000861,C001847,Auto,10000,9.45,Paid Off
L000862,C000097,Home Improvement,2500,8.04,Current
L000863,C004189,Home Improvement,15000,6.27,Current
L000864,C001043,Auto,20000,10.09,Current
L000865,C001807,Auto,10000,6.02,Current
L000866,C004960,Personal,5000,15.66,Delinquent
L000867,C000435,Auto,20000,15.99,Current
L000868,C004089,Auto,20000,18.07,Paid Off
L000869,C002190,Personal,7500,17.82,Paid Off
L000870,C003346,Auto,20000,11.82,Delinquent
L000871,C003257,Auto,30000,16.12,Current
L000872,C004378,Home Improvement,15000,11.24,Current
L000873,C002614,Home Improvement,10000,4.01,Current
L000874,C003767,Personal,7500,11.05,Current
L000875,C001866,Auto,30000,7.45,Current
L000876,C004736,Auto,10000,14.11,Current
L000877,C001538,Home Improvement,30000,16.24,Current
L000878,C002734,Personal,10000,11.42,Paid Off
L000879,C001741,Home Improvement,7500,15.88,Current
L000880,C004242,Personal,30000,16.2,Delinquent
L000881,C002325,Home Improvement,15000,6.31,Paid Off
L000882,C003511,Home Improvement,30000,10.91,Current
L000883,C002139,Home Improvement,20000,9.97,Current
L000884,C002578,Home Improvement,10000,11.78,Delinquent
L000885,C000564,Home Improvement,2500,7.87,Current
L000886,C000886,Personal,15000,16.86,Paid Off
L000887,C000370,Auto,7500,12.58,Current
L000888,C003220,Auto,10000,9.92,Current
L000889,C001848,Auto,10000,10.64,Delinquent
L000890,C001727,Auto,15000,18.29,Current
L000891,C002290,Auto,30000,15.65,Current
L000892,C001470,Personal,2500,15.19,Current
L000893,C003973,Home Improvement,7500,12.56,Current
L000894,C000009,Personal,2500,17.0,Paid Off
L000895,C003330,Auto,2500,10.4,Current
L000896,C002458,Auto,10000,13.92,Current
L000897,C003590,Auto,30000,16.7,Current
L000898,C000470,Auto,2500,11.23,Current
L000899,C001643,Home Improvement,5000,7.46,Current
L000900,C003864,Personal,20000,7.93,Current
L000901,C004939,Home Improvement,5000,17.67,Current
L000902,C002286,Auto,10000,10.23,Current
L000903,C004881,Home Improvement,15000,5.97,Current
L000904,C000869,Auto,20000,12.21,Current
L000905,C000449,Auto,5000,5.77,Current
L000906,C001595,Personal,15000,10.17,Paid Off
L000907,C003693,Auto,2500,17.39,Current
L000908,C000497,Auto,5000,15.58,Current
L000909,C004229,Personal,30000,11.01,Current
L000910,C003859,Personal,10000,16.72,Current
L000911,C004664,Home Improvement,20000,14.73,Current
L000912,C003017,Home Improvement,20000,13.17,Current
L000913,C000136,Auto,10000,14.13,Current
L000914,C000802,Home Improvement,7500,11.71,Current
L000915,C000047,Home Improvement,2500,7.01,Current
L000916,C000479,Home Improvement,15000,7.96,Current
L000917,C004780,Home Improvement,5000,10.09,Current
L000918,C000693,Personal,10000,8.81,Current
L000919,C002728,Auto,7500,15.41,Current
L000920,C001104,Auto,2500,15.02,Current
L000921,C002021,Home Improvement,7500,15.04,Paid Off
L000922,C003882,Home Improvement,30000,13.56,Paid Off
L000923,C002207,Personal,5000,17.11,Paid Off
L000924,C000153,Auto,10000,6.5,Paid Off
L000925,C004687,Personal,15000,15.9,Current
L000926,C000459,Personal,15000,14.94,Current
L000927,C000084,Home Improvement,20000,3.63,Current
L000928,C002242,Auto,5000,16.52,Current
L000929,C000483,Personal,7500,13.76,Current
L000930,C002104,Auto,15000,11.04,Current
L000931,C001099,Auto,20000,12.88,Paid Off
L000932,C002278,Auto,30000,8.58,Current
L000933,C001281,Home Improvement,20000,10.03,Current
L000934,C002426,Home Improvement,5000,6.55,Paid Off
L000935,C004905,Personal,15000,12.37,Current
L000936,C002135,Home Improvement,15000,6.53,Paid Off
L000937,C001676,Auto,20000,7.83,Current
L000938,C003934,Personal,20000,14.64,Current
L000939,C000885,Personal,7500,6.41,Current
L000940,C000463,Auto,7500,4.6,Current
L000941,C004813,Personal,30000,17.54,Current
L000942,C000793,Auto,5000,5.34,Current
L000943,C000603,Home Improvement,2500,16.44,Paid Off
L000944,C004417,Auto,5000,16.47,Current
L000945,C003406,Home Improvement,20000,9.29,Current
L000946,C001112,Personal,7500,15.88,Current
L000947,C003433,Auto,2500,12.02,Current
L000948,C004522,Auto,5000,8.41,Current
L000949,C004996,Home Improvement,20000,10.86,Current
L000950,C004422,Auto,5000,13.53,Paid Off
L000951,C003641,Auto,2500,8.4,Current
L000952,C000622,Personal,7500,10.31,Current
L000953,C003441,Personal,20000,8.58,Current
L000954,C000193,Auto,15000,5.53,Paid Off
L000955,C003082,Personal,10000,6.19,Current
L000956,C001187,Personal,5000,16.24,Current
L000957,C000571,Home Improvement,30000,7.26,Current
L000958,C002176,Auto,15000,15.14,Current
L000959,C002920,Auto,30000,4.48,Current
L000960,C003643,Home Improvement,10000,13.19,Current
L000961,C004978,Home Improvement,7500,4.8,Current
L000962,C004249,Auto,10000,6.48,Current
L000963,C003216,Personal,5000,3.98,Paid Off
L000964,C001437,Home Improvement,7500,9.64,Current
L000965,C004638,Home Improvement,7500,6.84,Current
L000966,C003129,Personal,20000,13.76,Paid Off
L000967,C001106,Auto,20000,12.17,Current
L000968,C004982,Personal,5000,4.55,Current
L000969,C002655,Personal,10000,9.72,Current
L000970,C003235,Auto,10000,17.65,Paid Off
L000971,C001430,Personal,2500,12.95,Current
L000972,C000541,Auto,30000,7.68,Current
L000973,C001810,Auto,10000,18.09,Current
L000974,C001373,Auto,5000,16.38,Current
L000975,C001693,Home Improvement,2500,9.91,Current
L000976,C003373,Home Improvement,30000,13.9,Current
L000977,C003648,Home Improvement,20000,17.02,Current
L000978,C001837,Personal,30000,4.65,Delinquent
L000979,C001412,Home Improvement,30000,6.47,Current
L000980,C001275,Personal,15000,10.7,Current
L000981,C000612,Home Improvement,20000,9.62,Current
L000982,C000949,Auto,5000,8.82,Delinquent
L000983,C002507,Personal,5000,5.26,Current
L000984,C001182,Home Improvement,20000,11.62,Current
L000985,C004222,Home Improvement,20000,6.59,Current
L000986,C001513,Personal,5000,9.8,Current
L000987,C002211,Home Improvement,2500,8.66,Current
L000988,C000352,Auto,30000,12.12,Current
L000989,C000730,Home Improvement,10000,4.07,Current
L000990,C004188,Personal,10000,4.93,Paid Off
L000991,C002759,Home Improvement,2500,7.19,Current
L000992,C004434,Home Improvement,7500,4.41,Current
L000993,C000701,Auto,7500,6.84,Current
L000994,C000031,Home Improvement,5000,4.98,Current
L000995,C004538,Home Improvement,5000,3.92,Current
L000996,C004628,Home Improvement,20000,13.35,Paid Off
L000997,C000679,Personal,10000,5.39,Current
L000998,C000516,Personal,15000,11.21,Current
L000999,C003345,Auto,2500,4.8,Paid Off
L001000,C002741,Home Improvement,5000,16.51,Current
L001001,C002948,Home Improvement,2500,3.79,Current
L001002,C004727,Auto,2500,13.6,Current
L001003,C000469,Auto,30000,17.09,Paid Off
L001004,C000341,Home Improvement,10000,18.2,Current
L001005,C003287,Home Improvement,30000,14.37,Paid Off
L001006,C001450,Home Improvement,30000,15.1,Current
L001007,C002388,Auto,7500,6.2,Current
L001008,C002561,Home Improvement,20000,7.53,Paid Off
L001009,C002704,Personal,7500,11.82,Current
L001010,C001729,Auto,10000,6.04,Current
L001011,C004594,Personal,5000,5.43,Current
L001012,C004635,Personal,20000,6.84,Current
L001013,C001499,Auto,10000,3.57,Current
L001014,C000826,Personal,30000,17.83,Current
L001015,C002102,Home Improvement,10000,18.13,Current
L001016,C000602,Auto,5000,8.67,Current
L001017,C001325,Personal,2500,3.67,Current
L001018,C000566,Home Improvement,2500,14.86,Current
L001019,C002140,Home Improvement,15000,7.34,Paid Off
L001020,C002035,Auto,2500,13.33,Current
L001021,C001917,Personal,30000,11.79,Current
L001022,C002485,Auto,2500,15.78,Delinquent
L001023,C002661,Home Improvement,15000,11.81,Current
L001024,C001965,Home Improvement,30000,5.27,Paid Off
L001025,C003455,Personal,7500,10.35,Current
L001026,C001649,Personal,10000,6.75,Paid Off
L001027,C001134,Personal,10000,8.0,Current
L001028,C000033,Auto,2500,10.58,Current
L001029,C001597,Home Improvement,2500,11.73,Current
L001030,C003940,Personal,7500,6.65,Current
L001031,C003872,Home Improvement,10000,10.73,Current
L001032,C003836,Personal,2500,7.57,Paid Off
L001033,C004807,Auto,10000,10.93,Current
L001034,C003943,Home Improvement,20000,14.62,Current
L001035,C003506,Auto,5000,14.32,Current
L001036,C000490,Home Improvement,7500,10.77,Current
L001037,C002955,Auto,30000,7.25,Current
L001038,C004403,Personal,20000,17.57,Current
L001039,C003313,Home Improvement,5000,10.74,Current
L001040,C003270,Auto,7500,14.21,Current
L001041,C000432,Personal,2500,11.45,Paid Off
L001042,C003293,Home Improvement,2500,9.5,Paid Off
L001043,C003371,Auto,30000,3.63,Current
L001044,C004332,Personal,7500,17.36,Current
L001045,C003494,Auto,10000,10.11,Current
L001046,C000115,Home Improvement,20000,14.85,Current
L001047,C000728,Personal,15000,8.81,Current
L001048,C001535,Home Improvement,2500,16.36,Current
L001049,C002615,Home Improvement,7500,5.76,Paid Off
L001050,C003733,Home Improvement,2500,15.36,Delinquent
L001051,C003839,Personal,10000,7.22,Current
L001052,C002289,Personal,5000,10.23,Delinquent
L001053,C000974,Home Improvement,20000,9.19,Paid Off
L001054,C002280,Home Improvement,5000,6.68,Current
L001055,C000415,Personal,30000,10.18,Current
L001056,C004661,Auto,15000,9.29,Current
L001057,C004845,Personal,5000,17.65,Current
L001058,C001473,Auto,20000,8.0,Current
L001059,C001773,Home Improvement,7500,17.8,Paid Off
L001060,C000527,Personal,15000,14.59,Current
L001061,C000058,Auto,5000,13.4,Paid Off
L001062,C000492,Auto,5000,4.14,Current
L001063,C004396,Auto,2500,18.45,Current
L001064,C004910,Auto,10000,4.08,Current
L001065,C004295,Auto,15000,14.24,Current
L001066,C000683,Auto,30000,16.2,Paid Off
L001067,C004673,Home Improvement,7500,3.58,Current
L001068,C000847,Home Improvement,30000,14.38,Current
L001069,C001695,Home Improvement,2500,10.35,Current
L001070,C004116,Home Improvement,30000,8.79,Current
L001071,C001221,Home Improvement,2500,16.98,Current
L001072,C001389,Auto,5000,5.94,Current
L001073,C002965,Home Improvement,20000,11.55,Current
L001074,C000568,Home Improvement,10000,10.13,Paid Off
L001075,C003786,Home Improvement,5000,15.78,Delinquent
L001076,C001838,Home Improvement,10000,10.38,Current
L001077,C003105,Personal,5000,8.02,Current
L001078,C004400,Auto,20000,11.39,Paid Off
L001079,C001312,Personal,5000,3.56,Current
L001080,C002508,Home Improvement,10000,11.11,Current
L001081,C001911,Personal,15000,5.57,Current
L001082,C003790,Auto,10000,14.9,Current
L001083,C000032,Auto,15000,17.8,Current
L001084,C001454,Home Improvement,5000,14.39,Current
L001085,C001157,Auto,30000,4.74,Current
L001086,C004838,Personal,2500,7.9,Current
L001087,C004415,Personal,2500,6.02,Current
L001088,C003523,Personal,7500,9.62,Current
L001089,C002138,Home Improvement,2500,16.29,Current
L001090,C004185,Home Improvement,7500,5.99,Paid Off
L001091,C002439,Auto,2500,12.96,Current
L001092,C000581,Personal,20000,5.82,Current
L001093,C000678,Personal,10000,6.14,Current
L001094,C000217,Personal,10000,11.19,Current
L001095,C003114,Personal,10000,12.64,Current
L001096,C001175,Personal,7500,3.6,Current
L001097,C000676,Home Improvement,7500,7.72,Current
L001098,C003380,Home Improvement,10000,8.38,Current
L001099,C003544,Personal,5000,4.56,Current
L001100,C000860,Home Improvement,10000,6.41,Current
L001101,C000607,Auto,10000,18.14,Current
L001102,C003028,Auto,15000,15.38,Current
L001103,C003740,Personal,5000,16.96,Current
L001104,C002820,Home Improvement,15000,4.49,Current
L001105,C002628,Personal,20000,12.26,Current
L001106,C001575,Home Improvement,20000,12.41,Current
L001107,C002659,Personal,20000,10.14,Paid Off
L001108,C004977,Auto,20000,11.79,Current
L001109,C001975,Personal,15000,17.23,Current
L001110,C000703,Auto,10000,12.02,Paid Off
L001111,C001113,Personal,5000,3.82,Current
L001112,C002926,Auto,20000,3.57,Current
L001113,C001376,Personal,10000,12.21,Current
L001114,C003500,Auto,2500,17.34,Current
L001115,C002928,Home Improvement,2500,15.15,Delinquent
L001116,C004510,Home Improvement,7500,7.21,Current
L001117,C002738,Home Improvement,2500,4.84,Delinquent
L001118,C001737,Auto,2500,11.48,Paid Off
L001119,C003186,Home Improvement,10000,6.2,Paid Off
L001120,C003438,Auto,10000,16.27,Current
L001121,C003546,Home Improvement,15000,7.15,Paid Off
L001122,C004562,Home Improvement,10000,15.53,Current
L001123,C003226,Home Improvement,20000,5.71,Paid Off
L001124,C004560,Auto,2500,10.54,Delinquent
L001125,C001172,Personal,20000,16.9,Current
L001126,C002876,Personal,15000,12.49,Current
L001127,C004387,Auto,20000,12.66,Current
L001128,C002634,Home Improvement,7500,18.4,Current
L001129,C000248,Home Improvement,10000,14.44,Current
L001130,C000714,Home Improvement,5000,14.51,Current
L001131,C003402,Auto,5000,3.91,Current
L001132,C000035,Personal,15000,13.24,Current
L001133,C001586,Auto,15000,4.28,Paid Off
L001134,C001835,Personal,5000,8.25,Current
L001135,C001709,Auto,2500,17.78,Current
L001136,C004544,Auto,2500,9.49,Current
L001137,C002107,Personal,30000,17.14,Current
L001138,C001506,Home Improvement,7500,5.04,Current
L001139,C004147,Personal,15000,4.01,Current
L001140,C003496,Auto,20000,12.79,Current
L001141,C002308,Personal,10000,14.96,Current
L001142,C004469,Personal,15000,8.65,Paid Off
L001143,C003629,Home Improvement,10000,15.86,Current
L001144,C002231,Auto,5000,10.02,Current
L001145,C000377,Home Improvement,10000,17.84,Current
L001146,C004863,Auto,20000,7.63,Current
L001147,C004077,Auto,30000,8.03,Current
L001148,C002792,Personal,30000,13.86,Current
L001149,C002830,Auto,5000,11.63,Current
L001150,C001199,Home Improvement,2500,12.81,Current
L001151,C003354,Home Improvement,20000,4.11,Paid Off
L001152,C000809,Auto,2500,12.55,Current
L001153,C003089,Home Improvement,2500,18.38,Paid Off
L001154,C001644,Personal,20000,4.9,Current
L001155,C000546,Auto,30000,16.48,Current
L001156,C001018,Auto,30000,18.14,Current
L001157,C003851,Auto,10000,18.05,Paid Off
L001158,C000284,Auto,2500,17.61,Current
L001159,C001369,Auto,5000,9.99,Paid Off
L001160,C001391,Auto,2500,11.42,Paid Off
L001161,C004523,Auto,10000,7.9,Paid Off
L001162,C000989,Home Improvement,30000,7.09,Current
L001163,C000657,Auto,7500,5.99,Current
L001164,C004240,Personal,10000,14.62,Paid Off
L001165,C000530,Home Improvement,20000,4.22,Current
L001166,C000755,Home Improvement,2500,16.12,Current
L001167,C002822,Auto,10000,11.07,Current
L001168,C004629,Home Improvement,20000,7.41,Current
L001169,C002977,Personal,10000,17.54,Current
L001170,C001005,Home Improvement,30000,16.06,Current
L001171,C002845,Home Improvement,2500,11.67,Current
L001172,C004537,Auto,10000,18.42,Current
L001173,C004297,Personal,5000,14.95,Current
L001174,C004352,Home Improvement,2500,6.2,Current
L001175,C000125,Home Improvement,7500,6.07,Current
L001176,C003845,Personal,7500,7.24,Paid Off
L001177,C001653,Personal,7500,7.74,Current
L001178,C003069,Auto,5000,5.98,Current
L001179,C000209,Personal,2500,17.15,Current
L001180,C001647,Home Improvement,7500,10.5,Current
L001181,C003926,Home Improvement,7500,16.67,Current
L001182,C001641,Auto,20000,16.82,Paid Off
L001183,C002854,Home Improvement,15000,12.45,Current
L001184,C002403,Auto,20000,4.26,Current
L001185,C001931,Personal,15000,11.18,Current
L001186,C002848,Personal,2500,6.96,Current
L001187,C004454,Personal,7500,8.33,Delinquent
L001188,C001994,Auto,10000,14.7,Current
L001189,C002528,Personal,7500,15.98,Current
L001190,C001494,Home Improvement,15000,5.08,Current
L001191,C003697,Home Improvement,5000,8.58,Current
L001192,C003509,Home Improvement,30000,10.65,Current
L001193,C002221,Auto,15000,12.22,Current
L001194,C002194,Home Improvement,20000,9.12,Current
L001195,C000288,Personal,15000,9.65,Current
L001196,C002355,Personal,5000,7.44,Current
L001197,C000222,Auto,15000,15.1,Current
L001198,C003005,Home Improvement,5000,6.75,Current
L001199,C000310,Personal,10000,16.94,Current
L001200,C003929,Auto,7500,3.8,Paid Off
L001201,C004553,Home Improvement,5000,15.86,Current
L001202,C002456,Personal,2500,15.69,Current
L001203,C000574,Personal,10000,12.57,Current
L001204,C004241,Personal,15000,16.28,Current
L001205,C003978,Home Improvement,30000,6.03,Paid Off
L001206,C001402,Auto,10000,6.94,Current
L001207,C001955,Auto,10000,12.91,Current
L001208,C002680,Home Improvement,30000,12.81,Paid Off
L001209,C003381,Home Improvement,7500,17.37,Current
L001210,C004671,Home Improvement,10000,6.37,Current
L001211,C002236,Home Improvement,30000,16.85,Current
L001212,C001381,Personal,7500,10.43,Current
L001213,C002386,Home Improvement,10000,9.53,Current
L001214,C003138,Auto,30000,11.93,Current
L001215,C002005,Home Improvement,20000,13.66,Paid Off
L001216,C004124,Home Improvement,15000,13.3,Current
L001217,C004976,Auto,30000,18.32,Current
L001218,C001505,Auto,10000,4.27,Delinquent
L001219,C003065,Home Improvement,30000,13.19,Current
L001220,C003011,Home Improvement,10000,5.42,Current
L001221,C000655,Personal,10000,11.3,Current
L001222,C003198,Auto,5000,4.64,Current
L001223,C002564,Auto,30000,8.32,Paid Off
L001224,C002693,Auto,30000,7.32,Current
L001225,C001563,Auto,30000,7.78,Current
L001226,C001307,Home Improvement,7500,10.43,Current
L001227,C002771,Personal,7500,15.75,Current
L001228,C003539,Home Improvement,2500,15.58,Paid Off
L001229,C000121,Personal,10000,10.89,Current
L001230,C004121,Personal,5000,10.21,Current
L001231,C001063,Personal,5000,4.99,Current
L001232,C001599,Personal,20000,10.54,Paid Off
L001233,C001456,Auto,7500,15.21,Current
L001234,C000820,Home Improvement,20000,11.31,Current
L001235,C000611,Personal,30000,13.69,Paid Off
L001236,C002379,Home Improvement,10000,11.76,Current
L001237,C001549,Auto,2500,18.37,Current
L001238,C004279,Auto,20000,18.39,Current
L001239,C002766,Auto,15000,14.44,Paid Off
L001240,C002970,Home Improvement,15000,15.53,Current
L001241,C000505,Personal,30000,16.08,Current
L001242,C003322,Home Improvement,20000,12.29,Current
L001243,C001083,Auto,7500,14.64,Current
L001244,C001815,Auto,20000,6.24,Current
L001245,C000827,Home Improvement,7500,16.28,Current
L001246,C002334,Auto,2500,9.94,Current
L001247,C001530,Home Improvement,5000,7.28,Current
L001248,C003568,Home Improvement,20000,14.58,Paid Off
L001249,C001137,Auto,30000,16.26,Delinquent
L001250,C004670,Personal,15000,15.97,Current
L001251,C002124,Home Improvement,7500,8.52,Current
L001252,C000560,Auto,2500,5.67,Paid Off
L001253,C004666,Auto,2500,15.95,Current
L001254,C004676,Auto,5000,5.07,Current
L001255,C000299,Home Improvement,2500,4.92,Paid Off
L001256,C001544,Personal,2500,4.98,Current
L001257,C000740,Personal,20000,12.47,Current
L001258,C003064,Auto,5000,16.51,Paid Off
L001259,C003670,Personal,15000,12.35,Current
L001260,C003154,Personal,20000,16.58,Current
L001261,C003723,Personal,2500,17.86,Current
L001262,C003365,Auto,20000,8.6,Current
L001263,C001283,Home Improvement,5000,16.29,Current
L001264,C000674,Auto,5000,12.56,Delinquent
L001265,C001408,Auto,2500,10.08,Current
L001266,C000896,Home Improvement,7500,9.19,Current
L001267,C001480,Personal,10000,9.62,Current
L001268,C004003,Personal,10000,7.46,Current
L001269,C002604,Home Improvement,20000,9.46,Current
L001270,C001428,Home Improvement,10000,11.29,Current
L001271,C002999,Personal,15000,9.7,Current
L001272,C004929,Home Improvement,15000,15.01,Current
L001273,C000800,Home Improvement,30000,8.03,Current
L001274,C003840,Personal,2500,8.51,Current
L001275,C003435,Home Improvement,2500,15.91,Current
L001276,C001683,Personal,5000,7.95,Current
L001277,C000582,Personal,2500,16.31,Current
L001278,C001216,Home Improvement,2500,11.13,Delinquent
L001279,C000102,Auto,5000,6.39,Current
L001280,C001567,Auto,10000,10.33,Current
L001281,C000578,Home Improvement,2500,7.56,Paid Off
L001282,C004058,Personal,30000,6.82,Current
L001283,C001821,Home Improvement,5000,8.74,Current
L001284,C004997,Personal,15000,16.95,Current
L001285,C000538,Auto,15000,4.0,Current
L001286,C001013,Personal,20000,15.59,Current
L001287,C002802,Auto,20000,10.46,Paid Off
L001288,C001628,Auto,15000,17.42,Current
L001289,C004505,Auto,30000,14.86,Current
L001290,C003015,Auto,15000,6.35,Current
L001291,C004496,Personal,20000,12.61,Current
L001292,C000207,Home Improvement,5000,3.91,Current
L001293,C002204,Home Improvement,2500,7.79,Current
L001294,C000872,Auto,15000,3.89,Current
L001295,C004150,Auto,2500,7.35,Current
L001296,C003145,Personal,10000,7.8,Current
L001297,C000979,Home Improvement,10000,9.68,Current
L001298,C000436,Personal,5000,16.73,Current
L001299,C001780,Home Improvement,15000,5.1,Current
L001300,C002954,Home Improvement,30000,10.22,Paid Off
L001301,C004640,Auto,7500,4.95,Current
L001302,C004034,Auto,7500,12.93,Current
L001303,C001648,Personal,20000,14.3,Current
L001304,C004657,Home Improvement,2500,16.39,Paid Off
L001305,C004846,Home Improvement,7500,15.32,Current
L001306,C001495,Home Improvement,2500,8.44,Current
L001307,C003899,Auto,20000,12.09,Paid Off
L001308,C004172,Personal,2500,15.43,Delinquent
L001309,C000318,Auto,7500,16.6,Paid Off
L001310,C000812,Auto,2500,5.86,Current
L001311,C004040,Home Improvement,2500,9.02,Current
L001312,C003606,Personal,7500,10.48,Current
L001313,C003232,Auto,10000,15.01,Current
L001314,C000857,Home Improvement,5000,4.42,Current
L001315,C003772,Auto,20000,5.59,Current
L001316,C004551,Auto,10000,6.88,Current
L001317,C000630,Auto,5000,10.04,Current
L001318,C003681,Auto,2500,17.92,Current
L001319,C000494,Auto,10000,5.04,Current
L001320,C000604,Home Improvement,20000,7.17,Current
L001321,C001858,Personal,10000,11.03,Current
L001322,C001890,Auto,20000,9.51,Current
L001323,C004414,Auto,2500,15.95,Current
L001324,C000895,Personal,10000,8.96,Delinquent
L001325,C003307,Home Improvement,2500,7.51,Current
L001326,C002248,Auto,2500,17.52,Current
L001327,C000069,Home Improvement,5000,6.44,Current
L001328,C003762,Personal,10000,17.09,Current
L001329,C001496,Personal,10000,7.15,Current
L001330,C004480,Auto,2500,7.5,Paid Off
L001331,C004598,Auto,7500,11.78,Current
L001332,C004032,Personal,30000,9.06,Current
L001333,C003335,Home Improvement,2500,14.77,Current
L001334,C001100,Home Improvement,10000,10.65,Delinquent
L001335,C004944,Personal,10000,17.79,Current
L001336,C000600,Auto,2500,9.56,Current
L001337,C001066,Auto,30000,12.08,Current
L001338,C001964,Personal,5000,16.81,Current
L001339,C000481,Auto,15000,12.54,Current
L001340,C000923,Personal,2500,17.51,Paid Off
L001341,C003173,Auto,20000,9.8,Current
L001342,C001625,Personal,15000,9.81,Current
L001343,C004856,Home Improvement,10000,13.71,Current
L001344,C001923,Personal,15000,10.78,Paid Off
L001345,C002075,Auto,30000,4.55,Current
L001346,C002806,Personal,10000,9.21,Current
L001347,C003680,Home Improvement,7500,6.87,Current
L001348,C003246,Auto,15000,6.47,Current
L001349,C002942,Personal,7500,6.08,Current
L001350,C003682,Personal,30000,12.29,Current
L001351,C004521,Home Improvement,20000,12.06,Paid Off
L001352,C000623,Personal,5000,10.51,Current
L001353,C000162,Personal,20000,12.31,Current
L001354,C004773,Home Improvement,10000,13.26,Current
L001355,C001436,Home Improvement,2500,4.47,Current
L001356,C003975,Personal,5000,5.98,Current
L001357,C004406,Personal,7500,6.37,Current
L001358,C001550,Auto,7500,10.63,Current
L001359,C000535,Auto,10000,16.79,Current
L001360,C004831,Home Improvement,5000,5.81,Current
L001361,C003450,Personal,30000,14.08,Current
L001362,C004651,Home Improvement,2500,6.56,Current
L001363,C002842,Home Improvement,10000,15.11,Current
L001364,C002469,Auto,30000,12.9,Paid Off
L001365,C000999,Personal,30000,5.39,Current
L001366,C003213,Personal,10000,11.69,Paid Off
L001367,C003613,Home Improvement,7500,9.28,Current
L001368,C004646,Personal,30000,15.02,Current
L001369,C001887,Auto,2500,8.0,Paid Off
L001370,C001212,Auto,20000,5.98,Current
L001371,C000694,Home Improvement,15000,10.19,Current
L001372,C000981,Auto,30000,13.86,Current
L001373,C004919,Personal,7500,5.88,Current
L001374,C000249,Home Improvement,20000,7.13,Current
L001375,C000613,Personal,5000,15.24,Current
L001376,C001093,Home Improvement,7500,6.15,Delinquent
L001377,C004383,Home Improvement,10000,13.68,Current
L001378,C002537,Auto,2500,12.53,Current
L001379,C003815,Home Improvement,20000,12.95,Current
L001380,C003140,Personal,5000,10.41,Current
L001381,C001012,Personal,7500,4.51,Current
L001382,C004720,Auto,5000,17.88,Current
L001383,C002796,Home Improvement,20000,16.48,Current
L001384,C000024,Auto,15000,17.06,Current
L001385,C003352,Home Improvement,2500,15.11,Paid Off
L001386,C000319,Home Improvement,15000,12.0,Current
L001387,C000237,Auto,30000,6.58,Paid Off
L001388,C001862,Home Improvement,7500,9.73,Delinquent
L001389,C002952,Personal,5000,11.03,Current
L001390,C001589,Home Improvement,10000,18.14,Paid Off
L001391,C000920,Auto,2500,10.23,Current
L001392,C001604,Home Improvement,2500,18.15,Current
L001393,C003036,Home Improvement,20000,12.01,Current
L001394,C001040,Auto,10000,13.25,Paid Off
L001395,C001776,Auto,5000,13.16,Paid Off
L001396,C001762,Personal,5000,12.89,Current
L001397,C004545,Auto,30000,15.61,Current
L001398,C000355,Auto,30000,14.24,Current
L001399,C002145,Personal,5000,5.55,Paid Off
L001400,C003480,Personal,2500,4.37,Current
L001401,C001081,Personal,5000,15.53,Current
L001402,C003484,Auto,7500,4.46,Current
L001403,C002317,Personal,20000,3.63,Delinquent
L001404,C003228,Personal,20000,14.64,Current
L001405,C001951,Auto,20000,8.71,Current
L001406,C001856,Auto,30000,15.85,Paid Off
L001407,C003498,Personal,20000,7.85,Current
L001408,C002147,Home Improvement,30000,12.59,Current
L001409,C000392,Personal,20000,14.53,Current
L001410,C004518,Personal,7500,12.27,Current
L001411,C004503,Home Improvement,2500,7.59,Current
L001412,C001704,Auto,10000,13.59,Paid Off
L001413,C001996,Home Improvement,7500,18.15,Current
L001414,C002786,Home Improvement,20000,4.54,Delinquent
L001415,C001291,Personal,7500,10.08,Current
L001416,C002281,Home Improvement,15000,18.24,Current
L001417,C004611,Auto,20000,9.35,Current
L001418,C002761,Personal,20000,16.97,Current
L001419,C004911,Home Improvement,30000,10.29,Current
L001420,C000946,Home Improvement,20000,17.68,Current
L001421,C003133,Auto,7500,3.77,Paid Off
L001422,C002889,Personal,15000,7.5,Current
L001423,C004081,Home Improvement,15000,9.67,Paid Off
L001424,C003901,Home Improvement,20000,15.53,Current
L001425,C002128,Auto,10000,7.39,Current
L001426,C002250,Home Improvement,20000,4.91,Current
L001427,C002798,Auto,2500,14.52,Current
L001428,C000317,Auto,20000,18.05,Current
L001429,C004098,Home Improvement,20000,15.79,Paid Off
L001430,C004416,Auto,20000,8.97,Paid Off
L001431,C003995,Personal,30000,4.92,Current
L001432,C001441,Personal,5000,16.81,Paid Off
L001433,C003841,Personal,7500,15.57,Current
L001434,C002489,Home Improvement,7500,12.01,Current
L001435,C003875,Auto,10000,10.04,Current
L001436,C000998,Personal,2500,8.47,Current
L001437,C001220,Personal,10000,5.88,Current
L001438,C002940,Auto,15000,17.16,Current
L001439,C001692,Personal,15000,5.19,Current
L001440,C004595,Auto,5000,12.15,Paid Off
L001441,C000508,Home Improvement,2500,16.32,Paid Off
L001442,C004772,Personal,2500,6.85,Delinquent
L001443,C004227,Home Improvement,10000,15.01,Current
L001444,C002989,Home Improvement,15000,7.88,Current
L001445,C002132,Auto,30000,7.56,Current
L001446,C002328,Auto,10000,13.79,Current
L001447,C003094,Personal,2500,14.59,Current
L001448,C001395,Personal,2500,5.83,Paid Off
L001449,C001103,Home Improvement,2500,6.69,Current
L001450,C003168,Auto,15000,10.99,Paid Off
L001451,C004134,Auto,10000,7.14,Delinquent
L001452,C002934,Auto,20000,7.68,Current
L001453,C003451,Auto,10000,10.79,Current
L001454,C000428,Home Improvement,20000,13.28,Current
L001455,C002177,Personal,30000,10.0,Current
L001456,C002166,Personal,2500,6.67,Current
L001457,C004033,Personal,20000,7.49,Current
L001458,C002282,Personal,15000,18.16,Current
L001459,C000429,Auto,20000,5.46,Current
L001460,C004412,Home Improvement,10000,15.21,Paid Off
L001461,C000373,Home Improvement,30000,16.2,Current
L001462,C004631,Auto,15000,17.8,Current
L001463,C000087,Auto,20000,14.69,Paid Off
L001464,C000356,Home Improvement,7500,16.84,Current
L001465,C002071,Home Improvement,10000,15.32,Current
L001466,C003083,Home Improvement,7500,9.04,Current
L001467,C001201,Home Improvement,30000,15.43,Current
L001468,C001356,Home Improvement,10000,17.69,Current
L001469,C003256,Personal,7500,17.64,Current
L001470,C001295,Auto,20000,6.2,Paid Off
L001471,C004221,Auto,20000,11.19,Current
L001472,C004983,Home Improvement,7500,12.53,Current
L001473,C004585,Auto,7500,13.31,Current
L001474,C002255,Personal,2500,3.57,Current
L001475,C000441,Auto,15000,16.44,Current
L001476,C002215,Home Improvement,10000,10.54,Current
L001477,C000142,Personal,10000,16.54,Paid Off
L001478,C001984,Home Improvement,20000,9.84,Current
L001479,C001189,Home Improvement,10000,11.58,Current
L001480,C004193,Auto,30000,6.35,Current
L001481,C001033,Personal,15000,4.92,Current
L001482,C004695,Personal,10000,8.77,Current
L001483,C002444,Auto,2500,14.78,Current
L001484,C001979,Auto,15000,9.75,Current
L001485,C003903,Personal,7500,13.63,Current
L001486,C002390,Auto,2500,17.5,Current
L001487,C000509,Home Improvement,10000,15.08,Current
L001488,C003636,Auto,30000,12.31,Current
L001489,C000205,Personal,5000,8.94,Current
L001490,C000713,Personal,5000,12.76,Paid Off
L001491,C004097,Auto,7500,3.76,Paid Off
L001492,C000063,Home Improvement,5000,4.39,Paid Off
L001493,C001895,Personal,15000,14.79,Delinquent
L001494,C001510,Home Improvement,20000,6.84,Current
L001495,C000093,Home Improvement,20000,16.37,Paid Off
L001496,C000182,Auto,30000,16.47,Paid Off
L001497,C004022,Personal,30000,7.11,Current
L001498,C000197,Home Improvement,5000,11.9,Current
L001499,C001350,Home Improvement,5000,16.49,Current
L001500,C000289,Home Improvement,7500,5.62,Current
L001501,C002206,Home Improvement,15000,5.59,Current
L001502,C001205,Home Improvement,10000,6.79,Current
L001503,C004636,Auto,5000,5.16,Current
L001504,C002676,Personal,15000,6.26,Current
L001505,C004204,Home Improvement,15000,6.88,Current
L001506,C004821,Personal,5000,7.65,Paid Off
L001507,C001766,Auto,5000,12.63,Current
L001508,C002579,Personal,20000,17.76,Current
L001509,C000775,Home Improvement,7500,5.96,Current
L001510,C000017,Auto,10000,16.68,Current
L001511,C000200,Auto,2500,9.39,Paid Off
L001512,C002285,Auto,7500,16.15,Current
L001513,C004916,Auto,20000,16.39,Current
L001514,C000769,Home Improvement,2500,9.06,Current
L001515,C003495,Home Improvement,7500,11.82,Current
L001516,C003519,Personal,20000,11.92,Current
L001517,C000781,Home Improvement,2500,15.28,Current
L001518,C000776,Auto,7500,15.02,Current
L001519,C003347,Home Improvement,30000,10.37,Delinquent
L001520,C002718,Auto,10000,6.66,Current
L001521,C003285,Personal,20000,16.21,Current
L001522,C003782,Home Improvement,30000,13.83,Paid Off
L001523,C001702,Home Improvement,20000,17.79,Current
L001524,C000369,Auto,30000,11.45,Paid Off
L001525,C002117,Personal,10000,8.24,Current
L001526,C001863,Auto,30000,14.39,Current
L001527,C001273,Home Improvement,7500,12.84,Paid Off
L001528,C002077,Auto,20000,18.21,Current
L001529,C003046,Personal,20000,17.43,Paid Off
L001530,C003150,Personal,15000,14.06,Current
L001531,C004029,Personal,30000,5.73,Paid Off
L001532,C000073,Personal,2500,11.44,Current
L001533,C004893,Personal,20000,6.8,Current
L001534,C003694,Home Improvement,7500,3.57,Paid Off
L001535,C002513,Home Improvement,5000,10.8,Current
L001536,C003379,Auto,10000,3.75,Current
L001537,C000333,Personal,10000,3.78,Current
L001538,C000523,Home Improvement,5000,4.63,Current
L001539,C003708,Personal,20000,8.58,Current
L001540,C003184,Personal,2500,8.13,Current
L001541,C000834,Personal,30000,4.55,Paid Off
L001542,C004375,Home Improvement,5000,9.05,Current
L001543,C003000,Personal,5000,17.01,Current
L001544,C002048,Home Improvement,5000,6.77,Paid Off
L001545,C002565,Personal,5000,11.42,Current
L001546,C001879,Home Improvement,20000,18.4,Current
L001547,C003954,Personal,7500,6.13,Current
L001548,C004946,Home Improvement,15000,15.32,Current
L001549,C000801,Personal,7500,11.81,Current
L001550,C004927,Home Improvement,7500,12.64,Current
L001551,C003336,Home Improvement,5000,16.73,Paid Off
L001552,C000898,Auto,5000,11.97,Current
L001553,C003131,Personal,30000,14.68,Current
L001554,C003890,Home Improvement,15000,9.81,Current
L001555,C002688,Home Improvement,15000,5.4,Current
L001556,C003661,Auto,5000,7.52,Paid Off
L001557,C002471,Auto,5000,13.42,Current
L001558,C001738,Home Improvement,10000,4.27,Paid Off
L001559,C000695,Auto,10000,13.04,Paid Off
L001560,C001370,Auto,2500,3.7,Current
L001561,C001209,Home Improvement,15000,15.24,Current
L001562,C001733,Auto,20000,6.04,Paid Off
L001563,C004083,Personal,5000,15.87,Current
L001564,C000718,Personal,30000,3.91,Current
L001565,C000354,Personal,2500,17.33,Current
L001566,C000573,Personal,15000,12.48,Current
L001567,C003618,Home Improvement,15000,7.46,Current
L001568,C000467,Personal,30000,15.9,Current
L001569,C001526,Auto,5000,8.7,Current
L001570,C002054,Personal,30000,17.54,Paid Off
L001571,C004822,Auto,5000,11.58,Paid Off
L001572,C000408,Home Improvement,5000,12.31,Delinquent
L001573,C001262,Personal,20000,14.62,Current
L001574,C004248,Personal,30000,13.7,Delinquent
L001575,C001512,Personal,15000,13.35,Delinquent
L001576,C001943,Home Improvement,2500,6.6,Paid Off
L001577,C002235,Auto,10000,3.67,Current
L001578,C001728,Personal,20000,4.5,Current
L001579,C002287,Home Improvement,10000,17.44,Current
L001580,C001948,Home Improvement,10000,9.03,Paid Off
L001581,C000515,Auto,2500,13.6,Current
L001582,C000085,Auto,30000,3.56,Current
L001583,C001915,Home Improvement,20000,7.32,Paid Off
L001584,C000028,Auto,30000,10.91,Paid Off
L001585,C003095,Personal,15000,17.11,Current
L001586,C001267,Personal,20000,12.31,Current
L001587,C004877,Home Improvement,2500,4.05,Current
L001588,C000922,Home Improvement,30000,7.77,Paid Off
L001589,C002259,Auto,20000,10.51,Current
L001590,C002417,Personal,7500,5.99,Current
L001591,C001021,Auto,10000,9.33,Current
L001592,C002358,Home Improvement,30000,14.36,Current
L001593,C000440,Auto,15000,5.87,Current
L001594,C003021,Home Improvement,20000,15.02,Paid Off
L001595,C004741,Personal,15000,13.45,Current
L001596,C004269,Auto,15000,4.28,Current
L001597,C000066,Home Improvement,15000,7.1,Current
L001598,C001217,Auto,5000,12.96,Current
L001599,C004205,Auto,30000,16.52,Current
L001600,C003775,Home Improvement,30000,4.87,Current
